image_id,start,end,is_correct,steer_out,out0,P0,out1,P1,out2,P2,out3,P3
010,green,red,True, Red<|im_end|>,Red,0.9122818112373352,The,0.0814126655459404,red,0.0026282661128789186,Green,0.000572715129237622
011,green,red,True, Red.<|im_end|>,Red,0.9237814545631409,The,0.07228869944810867,red,0.0017020627856254578,B,0.0008148039923980832
012,green,red,True, Red<|im_end|>,Red,0.5879269242286682,The,0.14157989621162415,Brown,0.07171417027711868,Mar,0.050116632133722305
013,green,red,False, Yellow<|im_end|>,Yellow,0.2667006254196167,The,0.245683953166008,Light,0.1752481609582901,P,0.15074723958969116
014,green,red,True, Red<|im_end|>,Red,0.9217848181724548,The,0.027389204129576683,Yellow,0.027099609375,B,0.010370084084570408
015,green,red,True, Red<|im_end|>,Red,0.7079835534095764,Yellow,0.21882414817810059,The,0.03761160373687744,B,0.011652865447103977
016,green,red,True,Red and white.,Red,0.9724858999252319,The,0.01539587788283825,White,0.006697834935039282,red,0.0019612826872617006
017,green,red,True, Red<|im_end|>,Red,0.8493936061859131,Green,0.09216998517513275,The,0.043307773768901825,Mar,0.004753968212753534
018,green,red,False, Yellow<|im_end|>,Yellow,0.6203802227973938,Red,0.19251906871795654,Green,0.14820842444896698,The,0.019146287813782692
019,green,red,True, Red<|im_end|>,Red,0.8132182359695435,Green,0.1140153557062149,The,0.04263962805271149,Yellow,0.015895018354058266
020,blue,red,True, Red<|im_end|>,Red,0.8229408264160156,Orange,0.040477484464645386,P,0.03218786418437958,The,0.01498128566890955
021,blue,red,True, Red<|im_end|>,Red,0.9580402374267578,red,0.01945013739168644,The,0.008412009105086327,Yellow,0.004984919913113117
022,blue,red,True, Red<|im_end|>,Red,0.8962773084640503,The,0.08663847297430038,B,0.010549865663051605,red,0.004318035673350096
023,blue,red,True, Red.<|im_end|>,Red,0.8581339120864868,The,0.13218599557876587,B,0.006486725993454456,red,0.0014371044235303998
024,blue,red,True, Red<|im_end|>,Red,0.9697529077529907,The,0.009547683410346508,Blue,0.0068757967092096806,P,0.006244575139135122
025,blue,red,True, Red<|im_end|>,Red,0.7471762895584106,P,0.10351492464542389,red,0.06963781267404556,White,0.04895605519413948
026,blue,red,True, Red<|im_end|>,Red,0.9760033488273621,The,0.01837051287293434,red,0.00169291568454355,Blue,0.0013175415806472301
027,blue,red,True, Red<|im_end|>,Red,0.9796653389930725,The,0.015445802360773087,red,0.0028628376312553883,Blue,0.0002570584765635431
028,blue,red,True, Red<|im_end|>,Red,0.9748480916023254,The,0.0127189876511693,red,0.004402873106300831,Blue,0.002091560745611787
029,blue,red,True, Red<|im_end|>,Red,0.9089651703834534,The,0.04838241636753082,B,0.03580215573310852,**,0.0014502361882477999
030,yellow,red,True, Red<|im_end|>,Red,0.9521663188934326,red,0.040513962507247925,The,0.0022203747648745775,P,0.0009132670238614082
031,yellow,red,False,Lime green.,L,0.36342188715934753,Green,0.3439077138900757,B,0.11719118803739548,Ne,0.08599439263343811
032,yellow,red,True, Red<|im_end|>,Red,0.8161736726760864,The,0.17464198172092438,red,0.005470252595841885,B,0.0014508389867842197
033,yellow,red,True, Red<|im_end|>,Red,0.835559606552124,Orange,0.08749839663505554,The,0.06170717626810074,B,0.006654352881014347
034,yellow,red,True, Red<|im_end|>,Red,0.9818097352981567,The,0.013224691152572632,red,0.0023110604379326105,B,0.0005784128443337977
035,yellow,red,True, Red<|im_end|>,Red,0.9280347228050232,Orange,0.05412112548947334,The,0.011729052290320396,red,0.002458167728036642
036,yellow,red,True, Red<|im_end|>,Red,0.9604111909866333,The,0.034333184361457825,B,0.0020357563626021147,red,0.0014590133214369416
037,yellow,red,True, Red<|im_end|>,Red,0.9019662141799927,The,0.09096452593803406,Yellow,0.0026483486872166395,red,0.0011587137123569846
038,yellow,red,True, Red<|im_end|>,Red,0.7150612473487854,Orange,0.23759675025939941,The,0.03566741198301315,Yellow,0.0036425364669412374
039,yellow,red,True, Red<|im_end|>,Red,0.48275867104530334,Orange,0.4452719986438751,The,0.0455998070538044,Yellow,0.01329109724611044
040,orange,red,True, Red.<|im_end|>,Red,0.9168870449066162,The,0.061743464320898056,Orange,0.014493920840322971,B,0.0034064939245581627
041,orange,red,True, Red.<|im_end|>,Red,0.7103860378265381,P,0.11943193525075912,The,0.07224526256322861,Orange,0.0607268251478672
042,orange,red,True, Red<|im_end|>,Red,0.9374552369117737,The,0.01956861838698387,B,0.01836990937590599,Orange,0.018290091305971146
043,orange,red,True, Red<|im_end|>,Red,0.9599122405052185,The,0.023658007383346558,Orange,0.010408574715256691,red,0.0018235964234918356
044,orange,red,True, Red<|im_end|>,Red,0.9684370756149292,The,0.026301587000489235,Orange,0.001764999353326857,B,0.0014706868678331375
045,orange,red,True,Red and white.,Red,0.6009611487388611,Orange,0.27246102690696716,P,0.052631624042987823,Yellow,0.027458107098937035
046,orange,red,True, Red<|im_end|>,Red,0.9601390361785889,The,0.03492053598165512,red,0.0018100603483617306,Orange,0.0014379433123394847
047,orange,red,True, Red<|im_end|>,Red,0.9626120924949646,Orange,0.017839567735791206,The,0.013474516570568085,red,0.004156390205025673
048,orange,red,True, Red<|im_end|>,Red,0.908614993095398,The,0.03159474581480026,Yellow,0.026035519316792488,Orange,0.014913488179445267
049,orange,red,True, Red<|im_end|>,Red,0.9723955988883972,The,0.013028941117227077,red,0.007434038445353508,Orange,0.004045503679662943
050,purple,red,True, Red<|im_end|>,Red,0.8836737275123596,Blue,0.0624455064535141,The,0.0262969471514225,red,0.010679662227630615
051,purple,red,True, red<|im_end|>,red,0.49023041129112244,Red,0.43346020579338074,p,0.02166840061545372,yellow,0.01748315989971161
052,purple,red,False, Blue<|im_end|>,Blue,0.6054774522781372,Red,0.29980337619781494,The,0.07851103693246841,blue,0.0028963512741029263
053,purple,red,True, Red<|im_end|>,Red,0.6078940629959106,red,0.3760838806629181,The,0.005804732441902161,RED,0.0024187893141061068
054,purple,red,True, Red<|im_end|>,Red,0.9795454740524292,The,0.013055529445409775,red,0.0025951629504561424,P,0.001611902262084186
055,purple,red,True, Red<|im_end|>,Red,0.9846416115760803,The,0.01146605797111988,red,0.001853663008660078,B,0.0005893825436942279
056,purple,red,True, Red<|im_end|>,Red,0.9618217349052429,The,0.03197290748357773,red,0.0036896648816764355,B,0.0005318569601513445
057,purple,red,True, Red<|im_end|>,Red,0.9440674781799316,The,0.04792673885822296,Blue,0.002829157281666994,red,0.001922433846630156
058,purple,red,True, Red<|im_end|>,Red,0.9559047222137451,The,0.03239435702562332,P,0.004177499562501907,red,0.0036446810699999332
059,purple,red,True, red<|im_end|>,red,0.661733090877533,Red,0.32698050141334534,RED,0.00393652031198144,white,0.0017087653977796435
000,red,green,True, Green<|im_end|>,Green,0.8406506180763245,green,0.12802380323410034,Red,0.013507206924259663,White,0.004259937442839146
001,red,green,True, Green<|im_end|>,Green,0.8750737905502319,Red,0.07139729708433151,Orange,0.014657733030617237,The,0.01326812244951725
002,red,green,False, Red<|im_end|>,Red,0.46425187587738037,Green,0.31779924035072327,Mar,0.08599695563316345,The,0.06773605942726135
003,red,green,True, green<|im_end|>,green,0.6673223376274109,yellow,0.22357487678527832,red,0.06602649390697479,orange,0.013076193630695343
004,red,green,True, Green<|im_end|>,Green,0.9125427603721619,P,0.04275751858949661,The,0.02341529354453087,Red,0.01468503475189209
005,red,green,True, green<|im_end|>,green,0.5872660279273987,Green,0.38142111897468567,red,0.008358833380043507,Red,0.007258444093167782
006,red,green,True, Green<|im_end|>,Green,0.9506391286849976,The,0.030096879228949547,Red,0.014368575066328049,L,0.0014491237234324217
007,red,green,True, Green<|im_end|>,Green,0.6154636740684509,Red,0.31877803802490234,Orange,0.03583836182951927,The,0.022390998899936676
008,red,green,True, Green<|im_end|>,Green,0.6333123445510864,Red,0.2669946253299713,P,0.04342427849769592,The,0.04285358637571335
009,red,green,True, Green.<|im_end|>,Green,0.6909819841384888,Red,0.2377471625804901,The,0.053132809698581696,P,0.003548240754753351
020,blue,green,True, Green<|im_end|>,Green,0.7872951030731201,P,0.04124804586172104,The,0.023044202476739883,Blue,0.022992394864559174
021,blue,green,True, Green<|im_end|>,Green,0.9540795683860779,green,0.016333235427737236,The,0.009039204567670822,Yellow,0.006859725806862116
022,blue,green,True, Green<|im_end|>,Green,0.8517138361930847,The,0.07363785058259964,B,0.06587748229503632,green,0.0024230428971350193
023,blue,green,True, Green.<|im_end|>,Green,0.8814805746078491,The,0.10562237352132797,B,0.0073392922058701515,Blue,0.0014948577154427767
024,blue,green,True, Green<|im_end|>,Green,0.8985451459884644,Blue,0.08404401689767838,The,0.0065063172951340675,P,0.0036004292778670788
025,blue,green,True, Green<|im_end|>,Green,0.7253662347793579,White,0.09855205565690994,Light,0.06313227862119675,green,0.04575488343834877
026,blue,green,True, Green<|im_end|>,Green,0.9630675315856934,The,0.0209562536329031,Blue,0.008992087095975876,L,0.0011270040413364768
027,blue,green,True, Green<|im_end|>,Green,0.9721633791923523,The,0.017376743257045746,Blue,0.0023966196458786726,green,0.0014927457086741924
028,blue,green,True, Green.<|im_end|>,Green,0.9552561044692993,The,0.01946287229657173,Blue,0.006959876045584679,green,0.005111600738018751
029,blue,green,True, Green<|im_end|>,Green,0.8174684047698975,B,0.09710283577442169,The,0.0562509261071682,L,0.014283301308751106
030,yellow,green,True, Green.<|im_end|>,Green,0.9354580640792847,green,0.05466330051422119,The,0.002822989597916603,Yellow,0.0015767664881423116
031,yellow,green,True, Green<|im_end|>,Green,0.4988299608230591,L,0.34306615591049194,Ne,0.059006884694099426,The,0.033278122544288635
032,yellow,green,True, Green.<|im_end|>,Green,0.8449546694755554,The,0.1392124444246292,L,0.006697406992316246,green,0.0027696131728589535
033,yellow,green,True, Green.<|im_end|>,Green,0.7934865355491638,O,0.07806510478258133,The,0.05495814234018326,Yellow,0.04381519928574562
034,yellow,green,True, Green<|im_end|>,Green,0.9767483472824097,The,0.012680836953222752,Yellow,0.006535096559673548,green,0.002221284667029977
035,yellow,green,True, Green<|im_end|>,Green,0.8978121280670166,Yellow,0.07612757384777069,Orange,0.009771334007382393,The,0.0095655033364892
036,yellow,green,True, Green<|im_end|>,Green,0.8915219306945801,L,0.04078834503889084,The,0.040326833724975586,B,0.01278687734156847
037,yellow,green,True, Green<|im_end|>,Green,0.6994712948799133,Yellow,0.13864417374134064,The,0.12737493216991425,L,0.02124207280576229
038,yellow,green,True, Green<|im_end|>,Green,0.6923896670341492,Orange,0.1911139190196991,Yellow,0.07367648184299469,The,0.03454682603478432
039,yellow,green,False, Orange<|im_end|>,Orange,0.4471784830093384,Green,0.29843273758888245,Yellow,0.20744547247886658,The,0.03373560309410095
040,orange,green,True, Green.<|im_end|>,Green,0.9280998110771179,The,0.05421419069170952,L,0.0064540128223598,O,0.0020166216418147087
041,orange,green,True, Green.<|im_end|>,Green,0.34965530037879944,P,0.29694393277168274,The,0.12529611587524414,B,0.049356792122125626
042,orange,green,True, Green<|im_end|>,Green,0.8351051807403564,L,0.08305489271879196,The,0.027776695787906647,B,0.00982105266302824
043,orange,green,True, Green<|im_end|>,Green,0.959618866443634,The,0.02570854313671589,L,0.0054453411139547825,B,0.0024976800195872784
044,orange,green,True, Green<|im_end|>,Green,0.9721978306770325,The,0.022011330351233482,L,0.001441724132746458,B,0.0010344653856009245
045,orange,green,True, Green<|im_end|>,Green,0.456949919462204,Yellow,0.22878269851207733,P,0.15380236506462097,White,0.1004975438117981
046,orange,green,True, Green<|im_end|>,Green,0.9421278834342957,The,0.03901367262005806,L,0.007356588263064623,B,0.004169386811554432
047,orange,green,True, Green<|im_end|>,Green,0.9654392600059509,The,0.015285047702491283,L,0.008936443366110325,Orange,0.0026096319779753685
048,orange,green,True, Green<|im_end|>,Green,0.817720890045166,Yellow,0.08879557251930237,The,0.04987625405192375,White,0.02776397205889225
049,orange,green,True, Green<|im_end|>,Green,0.9650144577026367,The,0.01676655001938343,green,0.006226211786270142,Red,0.0040876055136322975
050,purple,green,True, Green<|im_end|>,Green,0.7791500091552734,Blue,0.1562165766954422,The,0.02842165343463421,Black,0.008218914270401001
051,purple,green,True, green<|im_end|>,green,0.6050376296043396,Green,0.34716102480888367,yellow,0.018064308911561966,Yellow,0.00649064127355814
052,purple,green,False, Blue<|im_end|>,Blue,0.6005889177322388,Green,0.323192298412323,The,0.05120095610618591,Te,0.004577696323394775
053,purple,green,True, Green<|im_end|>,Green,0.5536141395568848,green,0.43068090081214905,The,0.004835966043174267,L,0.0015328407753258944
054,purple,green,True, Green<|im_end|>,Green,0.9830122590065002,The,0.009018950164318085,L,0.001980448607355356,green,0.0019763128366321325
055,purple,green,True, Green<|im_end|>,Green,0.9853555560112,The,0.010230287909507751,green,0.001411766861565411,L,0.0005581524455919862
056,purple,green,True, Green<|im_end|>,Green,0.9465222954750061,The,0.030412044376134872,L,0.014279416762292385,green,0.002648797584697604
057,purple,green,True, Green<|im_end|>,Green,0.9526579976081848,The,0.037387311458587646,L,0.0031592976301908493,B,0.0020218349527567625
058,purple,green,True, Green<|im_end|>,Green,0.96126389503479,The,0.027391355484724045,green,0.0035671796649694443,Light,0.003558216616511345
059,purple,green,True, green<|im_end|>,green,0.78580242395401,Green,0.1988499015569687,white,0.004502291791141033,White,0.0014382038498297334
000,red,blue,True, Blue<|im_end|>,Blue,0.7079757452011108,blue,0.26333141326904297,Red,0.011419901624321938,White,0.0033515680115669966
001,red,blue,True, Blue<|im_end|>,Blue,0.9003733396530151,Red,0.034892089664936066,blue,0.02240559831261635,The,0.017063559964299202
002,red,blue,True, Blue<|im_end|>,Blue,0.5706339478492737,Red,0.1800311803817749,The,0.08606529980897903,Mar,0.07479765266180038
003,red,blue,True, blue<|im_end|>,blue,0.7137324213981628,yellow,0.147359237074852,red,0.05346972867846489,green,0.03295311704277992
004,red,blue,True, Blue.<|im_end|>,Blue,0.9591143727302551,P,0.018343139439821243,The,0.01714925840497017,Red,0.0013833714183419943
005,red,blue,True, blue<|im_end|>,blue,0.49507439136505127,Blue,0.49001455307006836,Red,0.002036699093878269,red,0.0017153701046481729
006,red,blue,True, Blue<|im_end|>,Blue,0.9553689956665039,The,0.031244220212101936,Red,0.00948049034923315,blue,0.0013698170660063624
007,red,blue,True, Blue<|im_end|>,Blue,0.8041899800300598,Red,0.16635139286518097,The,0.022113464772701263,Orange,0.0029631564393639565
008,red,blue,True, Blue.<|im_end|>,Blue,0.9075390100479126,The,0.03383612632751465,Red,0.02833533100783825,P,0.013824927620589733
009,red,blue,True, Blue.<|im_end|>,Blue,0.7251166105270386,Red,0.19968928396701813,The,0.05324395373463631,blue,0.008015516214072704
010,green,blue,True, Blue.<|im_end|>,Blue,0.8468846678733826,The,0.1336120069026947,blue,0.008312119171023369,Green,0.0034799156710505486
011,green,blue,True, Blue.<|im_end|>,Blue,0.9146873950958252,The,0.07870309054851532,blue,0.002354689408093691,N,0.0008698246674612164
012,green,blue,True, Blue<|im_end|>,Blue,0.4377467632293701,Green,0.26841071248054504,The,0.13110540807247162,O,0.04041919857263565
013,green,blue,True, Light blue.<|im_end|>,Light,0.3251979947090149,The,0.316525936126709,Blue,0.1366572082042694,Past,0.03675483912229538
014,green,blue,True, Blue.<|im_end|>,Blue,0.9196659326553345,Green,0.04237775877118111,The,0.020861679688096046,Yellow,0.009439609944820404
015,green,blue,True, Blue.<|im_end|>,Blue,0.796299934387207,Yellow,0.0865514948964119,Green,0.057492099702358246,The,0.03287637606263161
016,green,blue,True,Blue and white.,Blue,0.9446958303451538,The,0.020721234381198883,White,0.011515803635120392,Green,0.009200623258948326
017,green,blue,True, Blue.<|im_end|>,Blue,0.4797157049179077,Green,0.41470110416412354,The,0.05322112888097763,Te,0.02956061251461506
018,green,blue,False, Yellow<|im_end|>,Yellow,0.5446004271507263,Green,0.3894028961658478,The,0.021800808608531952,Light,0.014608312398195267
019,green,blue,True, Blue.<|im_end|>,Blue,0.8038904666900635,Green,0.13870833814144135,The,0.03788936883211136,Yellow,0.0077324495650827885
030,yellow,blue,True, Blue.<|im_end|>,Blue,0.8949474096298218,blue,0.09656476229429245,The,0.0022992021404206753,P,0.0015665623359382153
031,yellow,blue,False,Lime green.,L,0.3473334312438965,Green,0.2776969373226166,B,0.11184138059616089,Ne,0.08867301046848297
032,yellow,blue,True, Blue.<|im_end|>,Blue,0.8615151047706604,The,0.12901011109352112,blue,0.0057876743376255035,Light,0.0011840066872537136
033,yellow,blue,True, Blue.<|im_end|>,Blue,0.7913238406181335,Yellow,0.08713877201080322,The,0.07123450189828873,Must,0.01921878382563591
034,yellow,blue,True, Blue.<|im_end|>,Blue,0.9879217743873596,The,0.007707992102950811,blue,0.0026709791272878647,Green,0.00023534188221674412
035,yellow,blue,True, Blue.<|im_end|>,Blue,0.9834729433059692,The,0.006249336991459131,Yellow,0.002926397603005171,Orange,0.002902173437178135
036,yellow,blue,True, Blue<|im_end|>,Blue,0.9612129330635071,The,0.030929919332265854,B,0.003974843304604292,blue,0.0008051575860008597
037,yellow,blue,True, Blue<|im_end|>,Blue,0.8380188345909119,The,0.11239578574895859,Yellow,0.027182096615433693,Light,0.009119825437664986
038,yellow,blue,True, Blue.<|im_end|>,Blue,0.7784673571586609,Orange,0.14284648001194,The,0.03862204775214195,Yellow,0.028138495981693268
039,yellow,blue,False, Orange<|im_end|>,Orange,0.39699482917785645,Blue,0.3030252158641815,Yellow,0.23833948373794556,The,0.04094013199210167
040,orange,blue,True, Blue.<|im_end|>,Blue,0.9201691746711731,The,0.06876880675554276,blue,0.0024393985513597727,Tur,0.0019166095880791545
041,orange,blue,True, Blue.<|im_end|>,Blue,0.4412403702735901,P,0.2575063109397888,The,0.11238593608140945,B,0.0888698399066925
042,orange,blue,True, Blue.<|im_end|>,Blue,0.9578192830085754,The,0.018383333459496498,Tur,0.008591726422309875,B,0.0020283192861825228
043,orange,blue,True, Blue<|im_end|>,Blue,0.9729436039924622,The,0.020265569910407066,blue,0.0018193775322288275,White,0.0009020290453918278
044,orange,blue,True, Blue.<|im_end|>,Blue,0.9849731922149658,The,0.012888919562101364,blue,0.0008281062473542988,B,0.00017151242354884744
045,orange,blue,True, Blue<|im_end|>,Blue,0.8325566649436951,P,0.06701872497797012,Yellow,0.03237045183777809,White,0.02759764902293682
046,orange,blue,True, Blue<|im_end|>,Blue,0.9615806937217712,The,0.03328410163521767,Red,0.0013377071591094136,B,0.0011570509523153305
047,orange,blue,True, Blue<|im_end|>,Blue,0.9813957810401917,The,0.011199417524039745,blue,0.0027155112475156784,Red,0.0008782877121120691
048,orange,blue,True, Blue.<|im_end|>,Blue,0.8973632454872131,The,0.048413801938295364,White,0.0276719331741333,Yellow,0.009014211595058441
049,orange,blue,True, Blue.<|im_end|>,Blue,0.970580518245697,The,0.014419946819543839,blue,0.007395477965474129,Red,0.001751163974404335
050,purple,blue,True, Blue.<|im_end|>,Blue,0.9456945657730103,blue,0.02283826842904091,The,0.019377965480089188,P,0.004082743544131517
051,purple,blue,True, blue<|im_end|>,blue,0.6179378628730774,Blue,0.34167125821113586,P,0.012545066885650158,purple,0.006691467948257923
052,purple,blue,True, Blue<|im_end|>,Blue,0.9497278332710266,The,0.03696230426430702,blue,0.005888300482183695,N,0.0037874779663980007
053,purple,blue,True, Blue<|im_end|>,Blue,0.6811532378196716,blue,0.2970515489578247,The,0.00560327572748065,purple,0.004951356910169125
054,purple,blue,True, Blue.<|im_end|>,Blue,0.9813536405563354,The,0.007339078933000565,P,0.003950551617890596,blue,0.00365983578376472
055,purple,blue,True, Blue.<|im_end|>,Blue,0.9812796115875244,P,0.007613645400851965,The,0.007172904442995787,blue,0.0024508372880518436
056,purple,blue,True, Blue<|im_end|>,Blue,0.967798113822937,The,0.023305201902985573,P,0.0030770713929086924,blue,0.003046743804588914
057,purple,blue,True, Blue<|im_end|>,Blue,0.9646169543266296,The,0.03069884702563286,P,0.0019590561278164387,blue,0.0009148399694822729
058,purple,blue,True, Blue<|im_end|>,Blue,0.9682204723358154,The,0.020901398733258247,blue,0.005418295972049236,Light,0.0024520237930119038
059,purple,blue,True, blue<|im_end|>,blue,0.675987184047699,Blue,0.31438180804252625,purple,0.002006970578804612,white,0.0010634714271873236
000,red,yellow,True, Yellow<|im_end|>,Yellow,0.838165819644928,yellow,0.140022411942482,White,0.004408562555909157,P,0.0041444082744419575
001,red,yellow,True, Yellow<|im_end|>,Yellow,0.9367488026618958,Orange,0.03129585087299347,The,0.010059388354420662,yellow,0.006820141337811947
002,red,yellow,True, Yellow<|im_end|>,Yellow,0.46229851245880127,Red,0.2655106484889984,The,0.0833607167005539,Brown,0.0778835341334343
003,red,yellow,True, yellow<|im_end|>,yellow,0.8389458060264587,orange,0.07093983143568039,green,0.05603288859128952,Yellow,0.011659733019769192
004,red,yellow,True, Yellow<|im_end|>,Yellow,0.9810053110122681,The,0.01131347380578518,P,0.0038223215378820896,B,0.0011359242489561439
005,red,yellow,True, Yellow<|im_end|>,Yellow,0.6196095943450928,yellow,0.3687627613544464,The,0.0016216455260291696,Y,0.0009094923734664917
006,red,yellow,True, Yellow<|im_end|>,Yellow,0.9572755098342896,The,0.03350367769598961,Red,0.002758791670203209,B,0.002375316573306918
007,red,yellow,True, Yellow<|im_end|>,Yellow,0.7936993837356567,Orange,0.10158692300319672,Red,0.06821146607398987,The,0.02769186720252037
008,red,yellow,True, Yellow<|im_end|>,Yellow,0.9341742992401123,Red,0.025186866521835327,The,0.023829758167266846,P,0.009228533133864403
009,red,yellow,True, Yellow<|im_end|>,Yellow,0.9066827297210693,The,0.04158662259578705,Orange,0.027650929987430573,Red,0.016222033649683
010,green,yellow,True, Yellow<|im_end|>,Yellow,0.7617263197898865,The,0.13414759933948517,Green,0.09289014339447021,B,0.001963438931852579
011,green,yellow,True, Yellow.<|im_end|>,Yellow,0.9322659373283386,The,0.04747779294848442,Green,0.011417796835303307,B,0.004200389143079519
012,green,yellow,True, Yellow<|im_end|>,Yellow,0.7258252501487732,Must,0.08344781398773193,The,0.07498455792665482,O,0.06455977261066437
013,green,yellow,True, Yellow<|im_end|>,Yellow,0.7114704251289368,The,0.16238535940647125,Light,0.048893630504608154,P,0.015544670633971691
014,green,yellow,True, Yellow.<|im_end|>,Yellow,0.9792848825454712,The,0.015609502792358398,Green,0.001834434224292636,B,0.0013561557279899716
015,green,yellow,True, Yellow.<|im_end|>,Yellow,0.9783008694648743,The,0.01572265662252903,Green,0.0017851743614301085,yellow,0.0008436154457740486
016,green,yellow,True,Yellow and white.,Yellow,0.9344051480293274,The,0.028510453179478645,White,0.017914632335305214,Green,0.006651407107710838
017,green,yellow,True, Yellow<|im_end|>,Yellow,0.46297991275787354,Green,0.33409520983695984,The,0.09114893525838852,O,0.03360198810696602
018,green,yellow,True, Yellow.<|im_end|>,Yellow,0.9261453747749329,Green,0.04817954823374748,The,0.01171996258199215,yellow,0.0051050554029643536
019,green,yellow,True, Yellow.<|im_end|>,Yellow,0.9030855298042297,Green,0.055373210459947586,The,0.03483330458402634,yellow,0.001994497375562787
020,blue,yellow,True, Yellow<|im_end|>,Yellow,0.7259710431098938,P,0.05470933020114899,Orange,0.04379221796989441,The,0.03330793231725693
021,blue,yellow,True, Yellow<|im_end|>,Yellow,0.9561718106269836,yellow,0.012897840701043606,P,0.010596026666462421,The,0.010277408175170422
022,blue,yellow,True, Yellow.<|im_end|>,Yellow,0.8467980027198792,The,0.07814080268144608,B,0.0693942978978157,yellow,0.0016036065062507987
023,blue,yellow,True, Yellow.<|im_end|>,Yellow,0.8688361048698425,The,0.09734433144330978,B,0.031080318614840508,yellow,0.000454016582807526
024,blue,yellow,True, Yellow<|im_end|>,Yellow,0.9839088320732117,The,0.0066877310164272785,Blue,0.0030435253866016865,P,0.002190100494772196
025,blue,yellow,True, Yellow<|im_end|>,Yellow,0.8467592000961304,White,0.08772260695695877,yellow,0.032122667878866196,white,0.009807143360376358
026,blue,yellow,True, Yellow<|im_end|>,Yellow,0.9528846740722656,The,0.027460133656859398,B,0.006552103906869888,Blue,0.005078141111880541
027,blue,yellow,True, Yellow<|im_end|>,Yellow,0.9791784286499023,The,0.0153663270175457,yellow,0.0011156240943819284,Golden,0.0005141351721249521
028,blue,yellow,True, Yellow.<|im_end|>,Yellow,0.9546027779579163,The,0.023463064804673195,White,0.007914637215435505,Blue,0.0029797982424497604
029,blue,yellow,True, Yellow<|im_end|>,Yellow,0.8892293572425842,B,0.06253691017627716,The,0.04047973081469536,Must,0.0012843897566199303
040,orange,yellow,True, Yellow.<|im_end|>,Yellow,0.9690607190132141,The,0.021345039829611778,Orange,0.004003139678388834,Must,0.0027369007002562284
041,orange,yellow,True, Yellow.<|im_end|>,Yellow,0.6900970935821533,Orange,0.14833073318004608,The,0.05444234982132912,P,0.05287089943885803
042,orange,yellow,True, Yellow<|im_end|>,Yellow,0.9426583051681519,The,0.019352663308382034,Golden,0.012429935857653618,B,0.005335180088877678
043,orange,yellow,True, Yellow.<|im_end|>,Yellow,0.8910242915153503,Orange,0.067539282143116,The,0.02479878067970276,B,0.010717865079641342
044,orange,yellow,True, Yellow.<|im_end|>,Yellow,0.9817084074020386,The,0.014821912162005901,B,0.0014486206928268075,Orange,0.0007378564914688468
045,orange,yellow,True, Yellow<|im_end|>,Yellow,0.9371964335441589,P,0.021188659593462944,White,0.016106758266687393,The,0.012805229052901268
046,orange,yellow,True, Yellow<|im_end|>,Yellow,0.7870867252349854,Orange,0.15136021375656128,The,0.042664941400289536,B,0.014697578735649586
047,orange,yellow,True, Yellow<|im_end|>,Yellow,0.8912412524223328,Orange,0.09013544768095016,The,0.011845137923955917,B,0.0016509512206539512
048,orange,yellow,True, Yellow.<|im_end|>,Yellow,0.9600015878677368,The,0.024480832740664482,White,0.00993194617331028,Orange,0.001285960664972663
049,orange,yellow,True, Yellow.<|im_end|>,Yellow,0.9758194088935852,The,0.010212726891040802,Orange,0.00813524890691042,yellow,0.0014798077754676342
050,purple,yellow,True, Yellow<|im_end|>,Yellow,0.7266431450843811,Blue,0.16747939586639404,The,0.04636829346418381,Black,0.01857302524149418
051,purple,yellow,True, yellow<|im_end|>,yellow,0.5919361710548401,Yellow,0.39223146438598633,P,0.00418546749278903,p,0.002576055470854044
052,purple,yellow,True, Yellow<|im_end|>,Yellow,0.531952440738678,Blue,0.3888263404369354,The,0.05750622972846031,B,0.012180333025753498
053,purple,yellow,True, Yellow<|im_end|>,Yellow,0.6692160367965698,yellow,0.3111995458602905,The,0.005435880273580551,b,0.0014464353444054723
054,purple,yellow,True, Yellow.<|im_end|>,Yellow,0.9912021160125732,The,0.005827104672789574,yellow,0.0005819415091536939,B,0.0003295544593129307
055,purple,yellow,True, Yellow<|im_end|>,Yellow,0.9910846948623657,The,0.006829042918980122,B,0.0004769293882418424,yellow,0.0004585753777064383
056,purple,yellow,True, Yellow<|im_end|>,Yellow,0.9633510112762451,The,0.02970067597925663,B,0.0014877114444971085,yellow,0.0011243936605751514
057,purple,yellow,True, Yellow<|im_end|>,Yellow,0.9342376589775085,The,0.0492926687002182,B,0.011695402674376965,Blue,0.001086361357010901
058,purple,yellow,True, Yellow.<|im_end|>,Yellow,0.980854868888855,The,0.016031013801693916,yellow,0.0011429451406002045,White,0.0005739782354794443
059,purple,yellow,True, yellow<|im_end|>,yellow,0.6291735768318176,Yellow,0.3497486114501953,white,0.006479228846728802,White,0.0022810266818851233
000,red,orange,True, Orange<|im_end|>,Orange,0.6839350461959839,Red,0.13359284400939941,orange,0.10352655500173569,red,0.040352724492549896
001,red,orange,True, Orange<|im_end|>,Orange,0.9049535393714905,Red,0.0643390491604805,The,0.006419510580599308,Yellow,0.006078183650970459
002,red,orange,False, Red<|im_end|>,Red,0.3671894669532776,Orange,0.35282644629478455,Brown,0.12709154188632965,The,0.07569712400436401
003,red,orange,True, orange<|im_end|>,orange,0.7280743718147278,yellow,0.1595010757446289,green,0.059650443494319916,red,0.03343311697244644
004,red,orange,True, Orange<|im_end|>,Orange,0.9521141052246094,Red,0.021046578884124756,The,0.013076844625175,Yellow,0.005435997620224953
005,red,orange,True, orange<|im_end|>,orange,0.44727471470832825,Orange,0.34056606888771057,red,0.09517762064933777,Red,0.08080533146858215
006,red,orange,True, Orange<|im_end|>,Orange,0.8370423913002014,Red,0.12459146231412888,The,0.03332636132836342,B,0.0007512152078561485
007,red,orange,True, Orange<|im_end|>,Orange,0.6632799506187439,Red,0.3102457523345947,The,0.02063707262277603,orange,0.0010393348056823015
008,red,orange,True, Orange<|im_end|>,Orange,0.4958658516407013,Red,0.4403698444366455,The,0.03978119418025017,P,0.01028600987046957
009,red,orange,True, Orange<|im_end|>,Orange,0.7229892015457153,Red,0.17906983196735382,The,0.07640393078327179,Yellow,0.004560126923024654
010,green,orange,True, Orange<|im_end|>,Orange,0.8361344933509827,The,0.13303709030151367,Green,0.012777414172887802,Yellow,0.004016031976789236
011,green,orange,True, Orange.<|im_end|>,Orange,0.9579095244407654,The,0.03397576883435249,B,0.002898908918723464,Red,0.001906856196001172
012,green,orange,True, Orange<|im_end|>,Orange,0.49297034740448,Brown,0.16678999364376068,The,0.1167154535651207,Must,0.07331795245409012
013,green,orange,False, Yellow<|im_end|>,Yellow,0.5090161561965942,The,0.2224312424659729,Light,0.07313351333141327,P,0.04701642319560051
014,green,orange,False, Yellow.<|im_end|>,Yellow,0.7915788292884827,Orange,0.17136408388614655,The,0.019327959045767784,B,0.007277783006429672
015,green,orange,False, Yellow<|im_end|>,Yellow,0.6490213871002197,Orange,0.32299578189849854,The,0.017195969820022583,Green,0.003011613618582487
016,green,orange,True,Orange and white.,Orange,0.9483956694602966,White,0.021040454506874084,The,0.01590566150844097,Yellow,0.003961649723351002
017,green,orange,False, Green<|im_end|>,Green,0.570778489112854,Orange,0.2542126178741455,The,0.07941311597824097,O,0.016545172780752182
018,green,orange,False, Yellow.<|im_end|>,Yellow,0.8925695419311523,Green,0.07908357679843903,The,0.01111576333642006,Red,0.004227686673402786
019,green,orange,True, Orange.<|im_end|>,Orange,0.7468793392181396,Yellow,0.12599262595176697,Green,0.07082349061965942,The,0.04809591919183731
020,blue,orange,True, Orange<|im_end|>,Orange,0.8117051124572754,Yellow,0.03938932344317436,P,0.023824485018849373,White,0.014521232806146145
021,blue,orange,True, Orange<|im_end|>,Orange,0.911273717880249,Yellow,0.061750102788209915,orange,0.006591741926968098,The,0.005930522922426462
022,blue,orange,True, Orange<|im_end|>,Orange,0.8841469883918762,The,0.06532805413007736,B,0.03888058289885521,Red,0.004849769175052643
023,blue,orange,True, Orange<|im_end|>,Orange,0.8598438501358032,The,0.09380968660116196,B,0.038086898624897,Yellow,0.002308945171535015
024,blue,orange,True, Orange<|im_end|>,Orange,0.9440332055091858,Blue,0.012901497073471546,P,0.012380510568618774,Yellow,0.010351981967687607
025,blue,orange,False, White<|im_end|>,White,0.3731258809566498,Orange,0.33872565627098083,P,0.12946811318397522,white,0.03817497938871384
026,blue,orange,True, Orange<|im_end|>,Orange,0.9411192536354065,The,0.02191130816936493,Red,0.015596560202538967,B,0.007743421476334333
027,blue,orange,True, Orange<|im_end|>,Orange,0.9598540663719177,The,0.016144201159477234,Yellow,0.010098794475197792,Red,0.0022905515506863594
028,blue,orange,True, Orange<|im_end|>,Orange,0.8961988687515259,Yellow,0.04403414949774742,The,0.026211218908429146,White,0.008686264976859093
029,blue,orange,True, Orange<|im_end|>,Orange,0.8690341711044312,B,0.07380712777376175,The,0.040827006101608276,Yellow,0.004500126466155052
030,yellow,orange,False, Yellow<|im_end|>,Yellow,0.6497921347618103,Orange,0.3034156262874603,yellow,0.029304392635822296,orange,0.009034358896315098
031,yellow,orange,False,Lime green.,L,0.37227681279182434,Yellow,0.1493881493806839,Green,0.13725529611110687,Ne,0.12043441087007523
032,yellow,orange,True, Orange<|im_end|>,Orange,0.6885996460914612,Yellow,0.17439672350883484,The,0.12789911031723022,B,0.004123710561543703
033,yellow,orange,True, Orange.<|im_end|>,Orange,0.9395581483840942,The,0.021265892311930656,Yellow,0.019667621701955795,Must,0.0138723598793149
034,yellow,orange,False, Yellow<|im_end|>,Yellow,0.5850743055343628,Orange,0.4016599655151367,The,0.00972662027925253,B,0.0006176684400998056
035,yellow,orange,True, Orange<|im_end|>,Orange,0.9343320727348328,Yellow,0.05606606975197792,The,0.006257590372115374,orange,0.0012402115389704704
036,yellow,orange,True, Orange<|im_end|>,Orange,0.6902748346328735,Yellow,0.25176146626472473,The,0.03635632246732712,B,0.016215667128562927
037,yellow,orange,True, Orange<|im_end|>,Orange,0.44922107458114624,Yellow,0.4171823263168335,The,0.12197750806808472,B,0.002235843800008297
038,yellow,orange,True, Orange.<|im_end|>,Orange,0.8958815336227417,Yellow,0.05961108207702637,The,0.036516617983579636,White,0.001466311514377594
039,yellow,orange,True, Orange<|im_end|>,Orange,0.8551068902015686,Yellow,0.1042199432849884,The,0.02865816093981266,Red,0.0019593620672822
050,purple,orange,True, Orange<|im_end|>,Orange,0.7473567128181458,Blue,0.13263483345508575,Yellow,0.04547883942723274,The,0.02964126504957676
051,purple,orange,True, orange<|im_end|>,orange,0.511908769607544,Orange,0.2553856670856476,yellow,0.14303584396839142,Yellow,0.06413573771715164
052,purple,orange,False, Blue<|im_end|>,Blue,0.6901069283485413,Orange,0.20893998444080353,The,0.07049146294593811,B,0.013909746892750263
053,purple,orange,True, Orange<|im_end|>,Orange,0.6056744456291199,orange,0.36750590801239014,Yellow,0.00533151114359498,b,0.003942014183849096
054,purple,orange,True, Orange<|im_end|>,Orange,0.9337272047996521,Yellow,0.054194167256355286,The,0.006704897619783878,orange,0.0007467135437764227
055,purple,orange,True, Orange<|im_end|>,Orange,0.9828459620475769,Yellow,0.006498154252767563,The,0.0062818387523293495,B,0.0012759383535012603
056,purple,orange,True, Orange<|im_end|>,Orange,0.9530308246612549,The,0.03695964440703392,orange,0.002339552855119109,B,0.0016726921312510967
057,purple,orange,True, Orange<|im_end|>,Orange,0.9491447806358337,The,0.03944866359233856,B,0.006318730767816305,Blue,0.00102245865855366
058,purple,orange,True, Orange<|im_end|>,Orange,0.8722201585769653,Yellow,0.09337280690670013,The,0.025429951027035713,P,0.0028416530694812536
059,purple,orange,True, orange<|im_end|>,orange,0.8455221652984619,Orange,0.13900363445281982,white,0.0037266730796545744,yellow,0.0017808106495067477
000,red,purple,True, Purple<|im_end|>,P,0.4762601852416992,Red,0.27893632650375366,purple,0.11034981906414032,red,0.09625083208084106
001,red,purple,False, Red<|im_end|>,Red,0.6448415517807007,P,0.2550202012062073,Orange,0.03283509612083435,The,0.021200580522418022
002,red,purple,True, Purple<|im_end|>,P,0.3917228579521179,Mar,0.22018174827098846,Red,0.20167243480682373,The,0.10915347933769226
003,red,purple,False, red<|im_end|>,red,0.4748671054840088,purple,0.1777273565530777,yellow,0.13182735443115234,p,0.11782696098089218
004,red,purple,True, Purple<|im_end|>,P,0.9323940873146057,The,0.03467090055346489,Red,0.02026679739356041,V,0.006201985292136669
005,red,purple,True, purple<|im_end|>,purple,0.504909873008728,P,0.30723676085472107,red,0.09978359937667847,Red,0.054289910942316055
006,red,purple,False, Red<|im_end|>,Red,0.5254142880439758,P,0.3718383014202118,The,0.08819948136806488,B,0.0018739528022706509
007,red,purple,False, Red<|im_end|>,Red,0.826537549495697,P,0.10998021066188812,The,0.03846900910139084,Orange,0.005951526574790478
008,red,purple,True, Purple<|im_end|>,P,0.7934022545814514,Red,0.13114961981773376,The,0.05179344117641449,purple,0.004698139615356922
009,red,purple,True, Purple<|im_end|>,P,0.5654816031455994,Red,0.33181309700012207,The,0.0762932226061821,red,0.004209237173199654
010,green,purple,True, Purple<|im_end|>,P,0.6700811386108398,The,0.2878560721874237,purple,0.009834199212491512,Green,0.005730528850108385
011,green,purple,True, Purple.<|im_end|>,P,0.85213702917099,The,0.1261032223701477,Dark,0.00661019142717123,V,0.002678415970876813
012,green,purple,True,The notebook is purple,The,0.27549323439598083,P,0.17238512635231018,Green,0.16767039895057678,O,0.14256107807159424
013,green,purple,False,The notebook is light,The,0.2908035218715668,L,0.23125652968883514,Light,0.1700170785188675,P,0.13974958658218384
014,green,purple,True, Purple.<|im_end|>,P,0.6015670895576477,Green,0.17267432808876038,Yellow,0.10387898981571198,The,0.053144920617341995
015,green,purple,True, Purple<|im_end|>,P,0.5940715074539185,Yellow,0.1833018958568573,Green,0.0765998438000679,L,0.06187421455979347
016,green,purple,True, Purple<|im_end|>,P,0.8069332838058472,The,0.06587715446949005,White,0.03419318050146103,L,0.03325539827346802
017,green,purple,False, Green<|im_end|>,Green,0.7091192007064819,P,0.0977594405412674,The,0.0869876816868782,Dark,0.026435542851686478
018,green,purple,False, Yellow<|im_end|>,Yellow,0.5584791302680969,Green,0.3704341650009155,The,0.019723908975720406,P,0.01394923496991396
019,green,purple,False, Green.<|im_end|>,Green,0.5746261477470398,P,0.32860517501831055,The,0.05426405742764473,Yellow,0.0205277968198061
020,blue,purple,True, Purple<|im_end|>,P,0.43143507838249207,Blue,0.25876960158348083,Orange,0.0489046648144722,The,0.04203930124640465
021,blue,purple,True, Purple<|im_end|>,P,0.7254564166069031,Blue,0.1755373477935791,purple,0.0315028615295887,The,0.020245183259248734
022,blue,purple,True, Purple<|im_end|>,P,0.7719592452049255,The,0.15818071365356445,B,0.02988664247095585,Blue,0.02319839969277382
023,blue,purple,True, Purple.<|im_end|>,P,0.6968798637390137,The,0.24109721183776855,Blue,0.043551091104745865,B,0.007406067568808794
024,blue,purple,True, Purple<|im_end|>,P,0.944876492023468,Blue,0.023904338479042053,V,0.014146760106086731,The,0.008390218950808048
025,blue,purple,True, Purple<|im_end|>,P,0.7905048131942749,purple,0.10461722314357758,L,0.03119385987520218,V,0.02210179530084133
026,blue,purple,True, Purple<|im_end|>,P,0.8548371195793152,Blue,0.08153781294822693,The,0.045473694801330566,purple,0.0026551487389951944
027,blue,purple,True, Purple<|im_end|>,P,0.8338216543197632,Blue,0.0566568449139595,The,0.043936777859926224,purple,0.02165296860039234
028,blue,purple,True, Purple<|im_end|>,P,0.751353919506073,Blue,0.1267307698726654,The,0.037944432348012924,L,0.03072763793170452
029,blue,purple,True, Purple<|im_end|>,P,0.8787009119987488,The,0.05906454473733902,B,0.029862483963370323,Blue,0.013927372172474861
030,yellow,purple,True, Purple<|im_end|>,P,0.80450838804245,purple,0.16730423271656036,The,0.0043767355382442474,V,0.00420368229970336
031,yellow,purple,False,Lime green.,L,0.5225819945335388,Green,0.18667705357074738,Ne,0.13042005896568298,The,0.03195605427026749
032,yellow,purple,True, Purple<|im_end|>,P,0.6673374176025391,The,0.28974369168281555,V,0.012521612457931042,purple,0.01172748114913702
033,yellow,purple,True, Purple<|im_end|>,P,0.8395645022392273,The,0.08152776956558228,V,0.022913696244359016,B,0.00997341237962246
034,yellow,purple,True, Purple<|im_end|>,P,0.961125910282135,The,0.01737162284553051,V,0.010645969770848751,purple,0.004800098482519388
035,yellow,purple,True, Purple<|im_end|>,P,0.91265469789505,Orange,0.03598698973655701,V,0.018833540380001068,The,0.0147243095561862
036,yellow,purple,True, Purple<|im_end|>,P,0.8950088024139404,The,0.05554277077317238,M,0.018843738362193108,B,0.006473249290138483
037,yellow,purple,True, Purple<|im_end|>,P,0.6780921220779419,The,0.20788808166980743,Yellow,0.030068110674619675,V,0.02700372040271759
038,yellow,purple,False, Orange<|im_end|>,Orange,0.6133081912994385,P,0.311861127614975,The,0.04608619213104248,Yellow,0.007021741941571236
039,yellow,purple,False, Orange<|im_end|>,Orange,0.7560601234436035,P,0.12784604728221893,Yellow,0.050998177379369736,The,0.03632419556379318
040,orange,purple,True, Purple.<|im_end|>,P,0.8275420069694519,The,0.11852222681045532,L,0.01847030408680439,V,0.013184202834963799
041,orange,purple,False, Pink.<|im_end|>,P,0.8102470636367798,The,0.08118432015180588,M,0.03960752487182617,F,0.023997945711016655
042,orange,purple,True, Purple<|im_end|>,P,0.8627511262893677,M,0.04957224428653717,The,0.028981102630496025,V,0.016081202775239944
043,orange,purple,True, Purple<|im_end|>,P,0.959618330001831,The,0.02828051522374153,purple,0.0022439025342464447,V,0.0020848240237683058
044,orange,purple,True, Purple.<|im_end|>,P,0.9275547862052917,The,0.03854751214385033,V,0.02617000788450241,Red,0.0015032091177999973
045,orange,purple,False, Pink<|im_end|>,P,0.8886199593544006,White,0.04093608632683754,Yellow,0.02429846301674843,The,0.022007673978805542
046,orange,purple,True, Purple<|im_end|>,P,0.8361223340034485,The,0.10294071584939957,Red,0.04539131745696068,B,0.0025055743753910065
047,orange,purple,True, Purple<|im_end|>,P,0.9379582405090332,The,0.029145274311304092,purple,0.007910815067589283,Red,0.005852449219673872
048,orange,purple,True, Purple.<|im_end|>,P,0.7512986660003662,The,0.07490018010139465,White,0.0557866171002388,Yellow,0.04356922581791878
049,orange,purple,True, Purple<|im_end|>,P,0.9349953532218933,The,0.021454306319355965,Red,0.018869150429964066,purple,0.01043606922030449
